Workbook

Sheet DAU
B2: REGION | C2: 2023 Q3 | D2: 2023 Q4 | E2: 2024 Q1 | F2: 2024 Q2 | G2: 2024 Q3 | H2: 2024 Q4 | I2: 2025 Q1 | J2: 2025 Q2 | K2: 2025 Q3
B3: UCAN | C3: 15.7 | D3: 15.6 | E3: 16.2 | F3: 17.1 | G3: 19.7 | H3: 18 | I3: 19.7 | J3: 20.6 | K3: 26.1
B4: EUROPE | C4: 18.9 | D4: 20 | E4: 21.4 | F4: 20.6 | G4: 21.7 | H4: 21.1 | I4: 23.6 | J4: 25.5 | K4: 33.9
B5: APAC | C5: 16.2 | D5: 17.2 | E5: 18.8 | F5: 20.2 | G5: 22.3 | H5: 22.3 | I5: 26.3 | J5: 35.6 | K5: 46.3
B6: REST | C6: 19.4 | D6: 18.7 | E6: 21.3 | F6: 21.6 | G6: 25.2 | H6: 23.8 | I6: 28.2 | J6: 30 | K6: 45.2
B7: TOTAL | C7: =SUM(C3:C6) -> 70.2 | D7: =SUM(D3:D6) -> 71.5 | E7: =SUM(E3:E6) -> 77.7 | F7: =SUM(F3:F6) -> 79.5 | G7: =SUM(G3:G6) -> 88.9 | H7: =SUM(H3:H6) -> 85.2 | I7: =SUM(I3:I6) -> 97.8 | J7: =SUM(J3:J6) -> 111.7 | K7: =SUM(K3:K6) -> 151.5

Sheet ABPDAU
B2: REGION | C2: 2023 Q3 | D2: 2023 Q4 | E2: 2024 Q1 | F2: 2024 Q2 | G2: 2024 Q3 | H2: 2024 Q4 | I2: 2025 Q1 | J2: 2025 Q2 | K2: 2025 Q3
B3: UCAN | C3: 33.53 | D3: 46.56 | E3: 33.95 | F3: 34.36 | G3: 35.51 | H3: 47.79 | I3: 36.46 | J3: 40.69 | K3: 40.18
B4: EUROPE | C4: 8.38 | D4: 10.23 | E4: 8.44 | F4: 8.91 | G4: 9.9 | H4: 11.95 | I4: 9.88 | J4: 11.49 | K4: 12.04
B5: APAC | C5: 5.24 | D5: 6.3 | E5: 5.67 | F5: 5 | G5: 5.21 | H5: 6.29 | I5: 5.37 | J5: 4.95 | K5: 5.27
B6: REST | C6: 3.63 | D6: 4.61 | E6: 4.05 | F6: 3.84 | G6: 3.84 | H6: 4.51 | I6: 4.02 | J6: 4.29 | K6: 4.9
B7: TOTAL | C7: =SUM(C3:C6) -> 50.78 | D7: =SUM(D3:D6) -> 67.7 | E7: =SUM(E3:E6) -> 52.11 | F7: =SUM(F3:F6) -> 52.11 | G7: =SUM(G3:G6) -> 54.46 | H7: =SUM(H3:H6) -> 70.54 | I7: =SUM(I3:I6) -> 55.73 | J7: =SUM(J3:J6) -> 61.42 | K7: =SUM(K3:K6) -> 62.39

Sheet BOOKINGS
B2: REGION | C2: 2023 Q3 | D2: 2023 Q4 | E2: 2024 Q1 | F2: 2024 Q2 | G2: 2024 Q3 | H2: 2024 Q4 | I2: 2025 Q1 | J2: 2025 Q2 | K2: 2025 Q3
B3: UCAN | C3: 525.6 | D3: 727.7 | E3: 550.2 | F3: 587.6 | G3: 700.8 | H3: 861.7 | I3: 719.4 | J3: 838.8 | K3: 1047.9
B4: EUROPE | C4: 158.4 | D4: 204.4 | E4: 180.9 | F4: 183.8 | G4: 214.9 | H4: 252.5 | I4: 232.7 | J4: 293.6 | K4: 408.4
B5: APAC | C5: 85.2 | D5: 108.4 | E5: 106.6 | F5: 100.9 | G5: 116.1 | H5: 140.3 | I5: 141.2 | J5: 176.5 | K5: 244.1
B6: REST | C6: 70.3 | D6: 86.3 | E6: 86.1 | F6: 82.9 | G6: 96.7 | H6: 107.2 | I6: 113.4 | J6: 128.7 | K6: 221.4
B7: TOTAL | C7: =SUM(C3:C6) -> 839.5 | D7: =SUM(D3:D6) -> 1126.8 | E7: =SUM(E3:E6) -> 923.8 | F7: =SUM(F3:F6) -> 955.2 | G7: =SUM(G3:G6) -> 1128.5 | H7: =SUM(H3:H6) -> 1361.7 | I7: =SUM(I3:I6) -> 1206.7 | J7: =SUM(J3:J6) -> 1437.6 | K7: =SUM(K3:K6) -> 1921.8

Sheet REVENUE
B2: REGION | C2: 2023 Q3 | D2: 2023 Q4 | E2: 2024 Q1 | F2: 2024 Q2 | G2: 2024 Q3 | H2: 2024 Q4 | I2: 2025 Q1 | J2: 2025 Q2 | K2: 2025 Q3
B3: UCAN | C3: 458.6 | D3: 480 | E3: 509.5 | F3: 565.9 | G3: 583 | H3: 622.9 | I3: 647.3 | J3: 669.6 | K3: 816.7 | M3: =RBLX_REVENUE[[#This Row],[2025 Q3]]+K4 -> 1081.3
B4: EUROPE | C4: 128.4 | D4: 135.2 | E4: 145.6 | F4: 163.4 | G4: 167.8 | H4: 182.9 | I4: 193.6 | J4: 204.7 | K4: 264.6 | M4: =M3/K7*100 -> 79.524895
B5: APAC | C5: 73.8 | D5: 78.9 | E5: 85.3 | F5: 95.1 | G5: 95.5 | H5: 103.2 | I5: 109 | J5: 115.7 | K5: 152.9
B6: REST | C6: 52.5 | D6: 55.9 | E6: 60.9 | F6: 69.2 | G6: 72.7 | H6: 79.3 | I6: 85.3 | J6: 90.7 | K6: 125.5
B7: TOTAL | C7: =SUM(C3:C6) -> 713.3 | D7: =SUM(D3:D6) -> 750 | E7: =SUM(E3:E6) -> 801.3 | F7: =SUM(F3:F6) -> 893.6 | G7: =SUM(G3:G6) -> 919 | H7: =SUM(H3:H6) -> 988.3 | I7: =SUM(I3:I6) -> 1035.2 | J7: =SUM(J3:J6) -> 1080.7 | K7: =SUM(K3:K6) -> 1359.7

Sheet BOOKINGS TO REVENUE
B2: REGION | C2: 2023 Q3 | D2: 2023 Q4 | E2: 2024 Q1 | F2: 2024 Q2 | G2: 2024 Q3 | H2: 2024 Q4 | I2: 2025 Q1 | J2: 2025 Q2 | K2: 2025 Q3
B3: UCAN | C3: =RBLX_REVENUE[[#This Row],[2023 Q3]]-RBLX_BOOKINGS[[#This Row],[2023 Q3]] -> -67 | D3: =RBLX_REVENUE[[#This Row],[2023 Q4]]-RBLX_BOOKINGS[[#This Row],[2023 Q4]] -> -247.7 | E3: =RBLX_REVENUE[[#This Row],[2024 Q1]]-RBLX_BOOKINGS[[#This Row],[2024 Q1]] -> -40.7 | F3: =RBLX_REVENUE[[#This Row],[2024 Q2]]-RBLX_BOOKINGS[[#This Row],[2024 Q2]] -> -21.7 | G3: =RBLX_REVENUE[[#This Row],[2024 Q3]]-RBLX_BOOKINGS[[#This Row],[2024 Q3]] -> -117.8 | H3: =RBLX_REVENUE[[#This Row],[2024 Q4]]-RBLX_BOOKINGS[[#This Row],[2024 Q4]] -> -238.8 | I3: =RBLX_REVENUE[[#This Row],[2025 Q1]]-RBLX_BOOKINGS[[#This Row],[2025 Q1]] -> -72.1 | J3: =RBLX_REVENUE[[#This Row],[2025 Q2]]-RBLX_BOOKINGS[[#This Row],[2025 Q2]] -> -169.2 | K3: =RBLX_REVENUE[[#This Row],[2025 Q3]]-RBLX_BOOKINGS[[#This Row],[2025 Q3]] -> -231.2
B4: EUROPE | C4: =RBLX_REVENUE[[#This Row],[2023 Q3]]-RBLX_BOOKINGS[[#This Row],[2023 Q3]] -> -30 | D4: =RBLX_REVENUE[[#This Row],[2023 Q4]]-RBLX_BOOKINGS[[#This Row],[2023 Q4]] -> -69.2 | E4: =RBLX_REVENUE[[#This Row],[2024 Q1]]-RBLX_BOOKINGS[[#This Row],[2024 Q1]] -> -35.3 | F4: =RBLX_REVENUE[[#This Row],[2024 Q2]]-RBLX_BOOKINGS[[#This Row],[2024 Q2]] -> -20.4 | G4: =RBLX_REVENUE[[#This Row],[2024 Q3]]-RBLX_BOOKINGS[[#This Row],[2024 Q3]] -> -47.1 | H4: =RBLX_REVENUE[[#This Row],[2024 Q4]]-RBLX_BOOKINGS[[#This Row],[2024 Q4]] -> -69.6 | I4: =RBLX_REVENUE[[#This Row],[2025 Q1]]-RBLX_BOOKINGS[[#This Row],[2025 Q1]] -> -39.1 | J4: =RBLX_REVENUE[[#This Row],[2025 Q2]]-RBLX_BOOKINGS[[#This Row],[2025 Q2]] -> -88.9 | K4: =RBLX_REVENUE[[#This Row],[2025 Q3]]-RBLX_BOOKINGS[[#This Row],[2025 Q3]] -> -143.8
B5: APAC | C5: =RBLX_REVENUE[[#This Row],[2023 Q3]]-RBLX_BOOKINGS[[#This Row],[2023 Q3]] -> -11.4 | D5: =RBLX_REVENUE[[#This Row],[2023 Q4]]-RBLX_BOOKINGS[[#This Row],[2023 Q4]] -> -29.5 | E5: =RBLX_REVENUE[[#This Row],[2024 Q1]]-RBLX_BOOKINGS[[#This Row],[2024 Q1]] -> -21.3 | F5: =RBLX_REVENUE[[#This Row],[2024 Q2]]-RBLX_BOOKINGS[[#This Row],[2024 Q2]] -> -5.8 | G5: =RBLX_REVENUE[[#This Row],[2024 Q3]]-RBLX_BOOKINGS[[#This Row],[2024 Q3]] -> -20.6 | H5: =RBLX_REVENUE[[#This Row],[2024 Q4]]-RBLX_BOOKINGS[[#This Row],[2024 Q4]] -> -37.1 | I5: =RBLX_REVENUE[[#This Row],[2025 Q1]]-RBLX_BOOKINGS[[#This Row],[2025 Q1]] -> -32.2 | J5: =RBLX_REVENUE[[#This Row],[2025 Q2]]-RBLX_BOOKINGS[[#This Row],[2025 Q2]] -> -60.8 | K5: =RBLX_REVENUE[[#This Row],[2025 Q3]]-RBLX_BOOKINGS[[#This Row],[2025 Q3]] -> -91.2
B6: REST | C6: =RBLX_REVENUE[[#This Row],[2023 Q3]]-RBLX_BOOKINGS[[#This Row],[2023 Q3]] -> -17.8 | D6: =RBLX_REVENUE[[#This Row],[2023 Q4]]-RBLX_BOOKINGS[[#This Row],[2023 Q4]] -> -30.4 | E6: =RBLX_REVENUE[[#This Row],[2024 Q1]]-RBLX_BOOKINGS[[#This Row],[2024 Q1]] -> -25.2 | F6: =RBLX_REVENUE[[#This Row],[2024 Q2]]-RBLX_BOOKINGS[[#This Row],[2024 Q2]] -> -13.7 | G6: =RBLX_REVENUE[[#This Row],[2024 Q3]]-RBLX_BOOKINGS[[#This Row],[2024 Q3]] -> -24 | H6: =RBLX_REVENUE[[#This Row],[2024 Q4]]-RBLX_BOOKINGS[[#This Row],[2024 Q4]] -> -27.9 | I6: =RBLX_REVENUE[[#This Row],[2025 Q1]]-RBLX_BOOKINGS[[#This Row],[2025 Q1]] -> -28.1 | J6: =RBLX_REVENUE[[#This Row],[2025 Q2]]-RBLX_BOOKINGS[[#This Row],[2025 Q2]] -> -38 | K6: =RBLX_REVENUE[[#This Row],[2025 Q3]]-RBLX_BOOKINGS[[#This Row],[2025 Q3]] -> -95.9
B9: REGION | C9: 2023 Q3 | D9: 2023 Q4 | E9: 2024 Q1 | F9: 2024 Q2 | G9: 2024 Q3 | H9: 2024 Q4 | I9: 2025 Q1 | J9: 2025 Q2 | K9: 2025 Q3
B10: UCAN | C10: =C3/BOOKINGS!C3 -> -0.12747336 | D10: =D3/BOOKINGS!D3 -> -0.34038752 | E10: =E3/BOOKINGS!E3 -> -0.073973101 | F10: =F3/BOOKINGS!F3 -> -0.036929884 | G10: =G3/BOOKINGS!G3 -> -0.16809361 | H10: =H3/BOOKINGS!H3 -> -0.27712661 | I10: =I3/BOOKINGS!I3 -> -0.10022241 | J10: =J3/BOOKINGS!J3 -> -0.20171674 | K10: =K3/BOOKINGS!K3 -> -0.22063174
B11: EUROPE | C11: =C4/BOOKINGS!C4 -> -0.18939394 | D11: =D4/BOOKINGS!D4 -> -0.33855186 | E11: =E4/BOOKINGS!E4 -> -0.19513543 | F11: =F4/BOOKINGS!F4 -> -0.11099021 | G11: =G4/BOOKINGS!G4 -> -0.21917171 | H11: =H4/BOOKINGS!H4 -> -0.27564356 | I11: =I4/BOOKINGS!I4 -> -0.1680275 | J11: =J4/BOOKINGS!J4 -> -0.30279292 | K11: =K4/BOOKINGS!K4 -> -0.35210578
B12: APAC | C12: =C5/BOOKINGS!C5 -> -0.13380282 | D12: =D5/BOOKINGS!D5 -> -0.27214022 | E12: =E5/BOOKINGS!E5 -> -0.19981238 | F12: =F5/BOOKINGS!F5 -> -0.057482656 | G12: =G5/BOOKINGS!G5 -> -0.17743325 | H12: =H5/BOOKINGS!H5 -> -0.26443336 | I12: =I5/BOOKINGS!I5 -> -0.22804533 | J12: =J5/BOOKINGS!J5 -> -0.34447592 | K12: =K5/BOOKINGS!K5 -> -0.37361737
B13: REST | C13: =C6/BOOKINGS!C6 -> -0.25320057 | D13: =D6/BOOKINGS!D6 -> -0.35225956 | E13: =E6/BOOKINGS!E6 -> -0.29268293 | F13: =F6/BOOKINGS!F6 -> -0.16525935 | G13: =G6/BOOKINGS!G6 -> -0.24819028 | H13: =H6/BOOKINGS!H6 -> -0.26026119 | I13: =I6/BOOKINGS!I6 -> -0.24779541 | J13: =J6/BOOKINGS!J6 -> -0.2952603 | K13: =K6/BOOKINGS!K6 -> -0.43315266
